num_nodes,num_jobs,algorithm,total_cost,runtime_ms,is_feasible
20,10,greedy,173.4,2.34,True
20,10,pso,133.81,244.58,True
20,10,ga,133.08,289.23,True
20,10,qpso,134.01,256.5,True
20,10,qpso_ls,132.22,322.97,True
20,10,qpso_memetic,133.08,166.8,True
20,10,exact,130.01,570.84,False
50,25,greedy,327.38,3.8,True
50,25,pso,386.88,401.41,True
50,25,ga,376.1,377.26,False
50,25,qpso,377.89,389.65,True
50,25,qpso_ls,284.8,1035.03,True
50,25,qpso_memetic,298.78,345.26,True
100,50,greedy,562.45,13.12,True
100,50,pso,868.36,1635.39,False
100,50,ga,771.43,1643.8,False
100,50,qpso,875.85,1558.81,False
100,50,qpso_ls,532.56,6252.58,False
100,50,qpso_memetic,508.82,2283.55,True
200,100,greedy,1218.89,15.07,True
200,100,pso,2141.41,762.18,False
200,100,ga,2027.73,804.9,False
200,100,qpso,2135.5,773.42,False
200,100,qpso_ls,1198.05,30075.83,False
200,100,qpso_memetic,1128.82,2493.33,True
