num_jobs,scenario_seed,algorithm_key,total_cost,exact_cost,gap_pct,runtime_ms,is_feasible,exact_is_feasible
6,1,greedy,92.48,83.86,10.279,0.84,True,True
6,1,pso,83.86,83.86,0.0,578.92,True,True
6,1,ga,83.86,83.86,0.0,612.15,True,True
6,1,qpso,83.86,83.86,0.0,576.61,True,True
6,1,qpso_ls,83.86,83.86,0.0,596.94,True,True
6,1,qpso_memetic,83.86,83.86,0.0,169.14,True,True
6,1,exact,83.86,83.86,0.0,6.03,True,True
6,2,greedy,166.52,140.09,18.8664,0.67,True,True
6,2,pso,140.09,140.09,0.0,543.86,True,True
6,2,ga,140.09,140.09,0.0,584.03,True,True
6,2,qpso,140.09,140.09,0.0,560.23,True,True
6,2,qpso_ls,140.09,140.09,0.0,583.72,True,True
6,2,qpso_memetic,140.09,140.09,0.0,133.49,True,True
6,2,exact,140.09,140.09,0.0,5.18,True,True
6,3,greedy,117.33,109.91,6.751,0.65,True,True
6,3,pso,109.91,109.91,0.0,520.99,True,True
6,3,ga,109.91,109.91,0.0,566.9,True,True
6,3,qpso,109.91,109.91,0.0,536.24,True,True
6,3,qpso_ls,109.91,109.91,0.0,542.91,True,True
6,3,qpso_memetic,109.91,109.91,0.0,134.77,True,True
6,3,exact,109.91,109.91,0.0,5.28,True,True
6,4,greedy,127.91,108.44,17.9546,0.66,True,True
6,4,pso,108.44,108.44,0.0,555.58,True,True
6,4,ga,108.44,108.44,0.0,606.28,True,True
6,4,qpso,108.44,108.44,0.0,580.64,True,True
6,4,qpso_ls,108.44,108.44,0.0,570.78,True,True
6,4,qpso_memetic,108.44,108.44,0.0,133.16,True,True
6,4,exact,108.44,108.44,0.0,9.12,True,True
6,5,greedy,111.28,105.09,5.8902,0.79,True,True
6,5,pso,105.09,105.09,0.0,491.7,True,True
6,5,ga,105.09,105.09,0.0,628.68,True,True
6,5,qpso,105.09,105.09,0.0,543.52,True,True
6,5,qpso_ls,105.09,105.09,0.0,583.56,True,True
6,5,qpso_memetic,105.09,105.09,0.0,134.45,True,True
6,5,exact,105.09,105.09,0.0,5.62,True,True
8,1,greedy,143.45,119.89,19.6513,0.77,True,False
8,1,pso,122.19,119.89,1.9184,568.12,False,False
8,1,ga,119.89,119.89,0.0,680.26,False,False
8,1,qpso,119.89,119.89,0.0,579.52,False,False
8,1,qpso_ls,119.89,119.89,0.0,598.42,False,False
8,1,qpso_memetic,133.05,119.89,10.9767,174.26,True,False
8,1,exact,119.89,119.89,0.0,45.22,False,False
8,2,greedy,179.02,161.58,10.7934,0.9,True,False
8,2,pso,161.58,161.58,0.0,578.9,False,False
8,2,ga,161.58,161.58,0.0,681.34,False,False
8,2,qpso,161.58,161.58,0.0,573.74,False,False
8,2,qpso_ls,161.58,161.58,0.0,613.68,False,False
8,2,qpso_memetic,163.25,161.58,1.0335,178.9,True,False
8,2,exact,161.58,161.58,0.0,50.93,False,False
8,3,greedy,187.82,135.79,38.3165,0.77,True,True
8,3,pso,142.78,135.79,5.1477,562.02,True,True
8,3,ga,135.79,135.79,0.0,616.0,True,True
8,3,qpso,142.78,135.79,5.1477,587.06,True,True
8,3,qpso_ls,135.79,135.79,0.0,619.65,True,True
8,3,qpso_memetic,135.79,135.79,0.0,163.86,True,True
8,3,exact,135.79,135.79,0.0,45.08,True,True
8,4,greedy,150.44,118.39,27.0715,0.7,True,False
8,4,pso,119.35,118.39,0.8109,526.75,True,False
8,4,ga,118.39,118.39,0.0,573.08,False,False
8,4,qpso,119.35,118.39,0.8109,500.37,True,False
8,4,qpso_ls,118.39,118.39,0.0,550.39,False,False
8,4,qpso_memetic,119.35,118.39,0.8109,137.67,True,False
8,4,exact,118.39,118.39,0.0,46.5,False,False
8,5,greedy,139.73,121.39,15.1083,0.78,True,False
8,5,pso,122.13,121.39,0.6096,557.51,False,False
8,5,ga,121.39,121.39,0.0,636.27,False,False
8,5,qpso,121.39,121.39,0.0,510.67,False,False
8,5,qpso_ls,121.39,121.39,0.0,569.73,False,False
8,5,qpso_memetic,121.97,121.39,0.4778,164.04,True,False
8,5,exact,121.39,121.39,0.0,40.38,False,False
10,1,greedy,149.56,136.61,9.4795,0.82,True,True
10,1,pso,136.61,136.61,0.0,587.94,True,True
10,1,ga,136.61,136.61,0.0,668.76,True,True
10,1,qpso,136.61,136.61,0.0,580.14,True,True
10,1,qpso_ls,136.61,136.61,0.0,649.56,True,True
10,1,qpso_memetic,136.61,136.61,0.0,200.17,True,True
10,1,exact,136.61,136.61,0.0,435.65,True,True
10,2,greedy,233.04,181.02,28.7372,0.82,True,False
10,2,pso,185.69,181.02,2.5798,619.72,True,False
10,2,ga,181.02,181.02,0.0,730.32,False,False
10,2,qpso,181.02,181.02,0.0,638.08,False,False
10,2,qpso_ls,182.77,181.02,0.9667,667.45,False,False
10,2,qpso_memetic,190.79,181.02,5.3972,169.69,True,False
10,2,exact,181.02,181.02,0.0,490.33,False,False
10,3,greedy,179.53,154.38,16.291,0.81,True,True
10,3,pso,183.97,154.38,19.167,560.93,False,True
10,3,ga,154.38,154.38,0.0,632.56,True,True
10,3,qpso,163.17,154.38,5.6937,576.6,True,True
10,3,qpso_ls,154.38,154.38,0.0,649.68,True,True
10,3,qpso_memetic,154.38,154.38,0.0,204.82,True,True
10,3,exact,154.38,154.38,0.0,462.61,True,True
10,4,greedy,173.28,141.1,22.8065,0.81,True,False
10,4,pso,141.1,141.1,0.0,605.36,False,False
10,4,ga,142.38,141.1,0.9072,692.29,True,False
10,4,qpso,141.1,141.1,0.0,612.28,False,False
10,4,qpso_ls,141.1,141.1,0.0,615.95,False,False
10,4,qpso_memetic,142.38,141.1,0.9072,200.0,True,False
10,4,exact,141.1,141.1,0.0,427.2,False,False
10,5,greedy,187.2,164.93,13.5027,1.36,True,False
10,5,pso,166.2,164.93,0.77,571.83,True,False
10,5,ga,164.93,164.93,0.0,695.67,False,False
10,5,qpso,171.57,164.93,4.026,589.25,True,False
10,5,qpso_ls,167.46,164.93,1.534,632.38,False,False
10,5,qpso_memetic,165.3,164.93,0.2243,197.88,True,False
10,5,exact,164.93,164.93,0.0,430.17,False,False
