scenario_seed,incident_vehicle,budget,mode,total_cost,runtime_ms,iterations_to_converge,vehicles_changed,jobs_moved,is_feasible,warm_started
1,1,full,cold,190.48,782.74,40,3,2,True,False
1,1,full,warm,193.42,755.34,0,2,1,False,True
1,1,reduced,cold,204.37,81.31,10,3,6,True,False
1,1,reduced,warm,193.42,82.9,0,2,1,False,True
1,2,full,cold,202.74,762.86,10,3,5,True,False
1,2,full,warm,196.45,782.1,0,0,0,False,True
1,2,reduced,cold,202.74,75.57,10,3,5,True,False
1,2,reduced,warm,196.45,85.83,0,0,0,False,True
1,3,full,cold,205.56,804.53,10,2,2,False,False
1,3,full,warm,192.6,765.82,0,0,0,False,True
1,3,reduced,cold,196.8,97.09,10,3,3,False,False
1,3,reduced,warm,192.6,83.46,0,0,0,False,True
2,1,full,cold,211.14,782.75,60,3,10,False,False
2,1,full,warm,247.84,803.44,0,0,0,False,True
2,1,reduced,cold,240.12,95.7,10,3,11,True,False
2,1,reduced,warm,247.84,88.12,0,0,0,False,True
2,2,full,cold,211.14,783.09,60,3,10,False,False
2,2,full,warm,247.84,809.96,0,0,0,False,True
2,2,reduced,cold,240.12,93.21,10,3,11,True,False
2,2,reduced,warm,247.84,80.23,0,0,0,False,True
2,3,full,cold,272.33,820.54,10,3,3,False,False
2,3,full,warm,247.87,846.95,0,0,0,False,True
2,3,reduced,cold,214.63,109.04,10,3,6,True,False
2,3,reduced,warm,247.87,83.1,0,0,0,False,True
3,1,full,cold,207.5,803.86,10,3,5,False,False
3,1,full,warm,219.36,708.89,0,0,0,True,True
3,1,reduced,cold,223.08,95.8,10,3,11,True,False
3,1,reduced,warm,219.36,79.11,0,0,0,True,True
3,2,full,cold,207.7,758.49,10,3,5,False,False
3,2,full,warm,219.55,762.99,0,0,0,True,True
3,2,reduced,cold,207.62,91.27,10,3,6,False,False
3,2,reduced,warm,219.55,78.95,0,0,0,True,True
3,3,full,cold,205.9,825.58,10,3,7,False,False
3,3,full,warm,216.02,753.76,0,0,0,True,True
3,3,reduced,cold,213.03,94.3,10,3,7,True,False
3,3,reduced,warm,216.02,71.9,0,0,0,True,True
4,1,full,cold,178.82,738.28,10,3,7,True,False
4,1,full,warm,182.26,734.89,0,0,0,True,True
4,1,reduced,cold,178.82,81.73,10,3,7,True,False
4,1,reduced,warm,182.26,76.14,0,0,0,True,True
4,2,full,cold,188.46,762.96,10,3,6,True,False
4,2,full,warm,184.21,750.22,0,0,0,True,True
4,2,reduced,cold,177.85,84.24,10,3,7,True,False
4,2,reduced,warm,184.21,93.75,0,0,0,True,True
4,3,full,cold,187.01,810.97,10,3,6,True,False
4,3,full,warm,189.02,787.48,10,1,0,True,True
4,3,reduced,cold,185.31,93.74,10,2,2,True,False
4,3,reduced,warm,189.02,78.4,10,1,0,True,True
5,1,full,cold,193.64,803.99,10,0,0,False,False
5,1,full,warm,193.64,751.96,0,0,0,False,True
5,1,reduced,cold,194.59,90.41,10,3,5,False,False
5,1,reduced,warm,193.64,75.0,0,0,0,False,True
5,2,full,cold,200.45,759.4,10,3,3,False,False
5,2,full,warm,199.69,766.94,0,0,0,False,True
5,2,reduced,cold,200.64,99.5,10,3,5,False,False
5,2,reduced,warm,199.69,84.02,0,0,0,False,True
5,3,full,cold,199.63,747.44,10,3,5,False,False
5,3,full,warm,199.59,773.33,0,0,0,False,True
5,3,reduced,cold,199.63,94.27,10,3,5,False,False
5,3,reduced,warm,199.59,87.36,0,0,0,False,True
